id,title,tagline,release_date,genres,belongs_to_collection,original_language,budget_musd,revenue_musd,production_companies,production_countries,vote_count,vote_average,popularity,runtime,overview,spoken_languages,poster_path
862,Toy Story,,1995-10-30,Animation|Comedy|Family,Toy Story Collection,en,30.0,373.554033,Pixar Animation Studios,United States of America,5415.0,7.7,21.946943,81.0,"Led by Woody, Andy's toys live happily in his room until Andy's birthday brings Buzz Lightyear onto the scene. Afraid of losing his place in Andy's heart, Woody plots against Buzz. But when circumstances separate Buzz and Woody from their owner, the duo eventually learns to put aside their differences.",English,<img src='http://image.tmdb.org/t/p/w185//rhIRbceoE9lR4veEXuwCC2wARtG.jpg' style='height:100px;'>
8844,Jumanji,Roll the dice and unleash the excitement!,1995-12-15,Adventure|Fantasy|Family,,en,65.0,262.797249,TriStar Pictures|Teitler Film|Interscope Communications,United States of America,2413.0,6.9,17.015539,104.0,"When siblings Judy and Peter discover an enchanted board game that opens the door to a magical world, they unwittingly invite Alan -- an adult who's been trapped inside the game for 26 years -- into their living room. Alan's only hope for freedom is to finish the game, which proves risky as all three find themselves running from giant rhinoceroses, evil monkeys and other terrifying creatures.",English|Français,<img src='http://image.tmdb.org/t/p/w185//vzmL6fP7aPKNKPRTFnZmiUfciyV.jpg' style='height:100px;'>
15602,Grumpier Old Men,Still Yelling. Still Fighting. Still Ready for Love.,1995-12-22,Romance|Comedy,Grumpy Old Men Collection,en,,,Warner Bros.|Lancaster Gate,United States of America,92.0,6.5,11.7129,101.0,"A family wedding reignites the ancient feud between next-door neighbors and fishing buddies John and Max. Meanwhile, a sultry Italian divorcée opens a restaurant at the local bait shop, alarming the locals who worry she'll scare the fish away. But she's less interested in seafood than she is in cooking up a hot time with Max.",English,<img src='http://image.tmdb.org/t/p/w185//6ksm1sjKMFLbO7UY2i6G1ju9SML.jpg' style='height:100px;'>
31357,Waiting to Exhale,Friends are the people who let you be yourself... and never let you forget it.,1995-12-22,Comedy|Drama|Romance,,en,16.0,81.452156,Twentieth Century Fox Film Corporation,United States of America,34.0,6.1,3.859495,127.0,"Cheated on, mistreated and stepped on, the women are holding their breath, waiting for the elusive ""good man"" to break a string of less-than-stellar lovers. Friends and confidants Vannah, Bernie, Glo and Robin talk it all out, determined to find a better way to breathe.",English,<img src='http://image.tmdb.org/t/p/w185//16XOMpEaLWkrcPqSQqhTmeJuqQl.jpg' style='height:100px;'>
11862,Father of the Bride Part II,Just When His World Is Back To Normal... He's In For The Surprise Of His Life!,1995-02-10,Comedy,Father of the Bride Collection,en,,76.578911,Sandollar Productions|Touchstone Pictures,United States of America,173.0,5.7,8.387519000000001,106.0,"Just when George Banks has recovered from his daughter's wedding, he receives the news that she's pregnant ... and that George's wife, Nina, is expecting too. He was planning on selling their home, but that's a plan that -- like George -- will have to change with the arrival of both a grandchild and a kid of his own.",English,<img src='http://image.tmdb.org/t/p/w185//e64sOI48hQXyru7naBFyssKFxVd.jpg' style='height:100px;'>
949,Heat,A Los Angeles Crime Saga,1995-12-15,Action|Crime|Drama|Thriller,,en,60.0,187.436818,Regency Enterprises|Forward Pass|Warner Bros.,United States of America,1886.0,7.7,17.924927,170.0,"Obsessive master thief, Neil McCauley leads a top-notch crew on various insane heists throughout Los Angeles while a mentally unstable detective, Vincent Hanna pursues him without rest. Each man recognizes and respects the ability and the dedication of the other even though they are aware their cat-and-mouse game may end in violence.",English|Español,<img src='http://image.tmdb.org/t/p/w185//zMyfPUelumio3tiDKPffaUpsQTD.jpg' style='height:100px;'>
11860,Sabrina,You are cordially invited to the most surprising merger of the year.,1995-12-15,Comedy|Romance,,en,58.0,,Paramount Pictures|Scott Rudin Productions|Mirage Enterprises|Sandollar Productions|Constellation Entertainment|Worldwide|Mont Blanc Entertainment GmbH,Germany|United States of America,141.0,6.2,6.677277,127.0,"An ugly duckling having undergone a remarkable change, still harbors feelings for her crush: a carefree playboy, but not before his business-focused brother has something to say about it.",Français|English,<img src='http://image.tmdb.org/t/p/w185//jQh15y5YB7bWz1NtffNZmRw0s9D.jpg' style='height:100px;'>
45325,Tom and Huck,The Original Bad Boys.,1995-12-22,Action|Adventure|Drama|Family,,en,,,Walt Disney Pictures,United States of America,45.0,5.4,2.5611610000000002,97.0,"A mischievous young boy, Tom Sawyer, witnesses a murder by the deadly Injun Joe. Tom becomes friends with Huckleberry Finn, a boy with no future and no family. Tom has to choose between honoring a friendship or honoring an oath because the town alcoholic is accused of the murder. Tom and Huck go through several adventures trying to retrieve evidence.",English|Deutsch,<img src='http://image.tmdb.org/t/p/w185//sGO5Qa55p7wTu7FJcX4H4xIVKvS.jpg' style='height:100px;'>
9091,Sudden Death,Terror goes into overtime.,1995-12-22,Action|Adventure|Thriller,,en,35.0,64.350171,Universal Pictures|Imperial Entertainment|Signature Entertainment,United States of America,174.0,5.5,5.23158,106.0,"International action superstar Jean Claude Van Damme teams with Powers Boothe in a Tension-packed, suspense thriller, set against the back-drop of a Stanley Cup game.Van Damme portrays a father whose daughter is suddenly taken during a championship hockey game. With the captors demanding a billion dollars by game's end, Van Damme frantically sets a plan in motion to rescue his daughter and abort an impending explosion before the final buzzer...",English,<img src='http://image.tmdb.org/t/p/w185//eoWvKD60lT95Ss1MYNgVExpo5iU.jpg' style='height:100px;'>
710,GoldenEye,No limits. No fears. No substitutes.,1995-11-16,Adventure|Action|Thriller,James Bond Collection,en,58.0,352.194034,United Artists|Eon Productions,United Kingdom|United States of America,1194.0,6.6,14.686035999999998,130.0,James Bond must unmask the mysterious head of the Janus Syndicate and prevent the leader from utilizing the GoldenEye weapons system to inflict devastating revenge on Britain.,English|Pусский|Español,<img src='http://image.tmdb.org/t/p/w185//5c0ovjT41KnYIHYuF4AWsTe3sKh.jpg' style='height:100px;'>
9087,The American President,Why can't the most powerful man in the world have the one thing he wants most?,1995-11-17,Comedy|Drama|Romance,,en,62.0,107.879496,Columbia Pictures|Castle Rock Entertainment,United States of America,199.0,6.5,6.318445,106.0,"Widowed U.S. president Andrew Shepherd, one of the world's most powerful men, can have anything he wants -- and what he covets most is Sydney Ellen Wade, a Washington lobbyist. But Shepherd's attempts at courting her spark wild rumors and decimate his approval ratings.",English,<img src='http://image.tmdb.org/t/p/w185//lymPNGLZgPHuqM29rKMGV46ANij.jpg' style='height:100px;'>
12110,Dracula: Dead and Loving It,,1995-12-22,Comedy|Horror,,en,,,Columbia Pictures|Castle Rock Entertainment|Enigma Pictures,France|United States of America,210.0,5.7,5.430331,88.0,"When a lawyer shows up at the vampire's doorstep, he falls prey to his charms and joins him in his search for fresh blood. Enter Dr. van Helsing, who may be the only one able to vanquish the count.",English|Deutsch,<img src='http://image.tmdb.org/t/p/w185//xve4cgfYItnOhtzLYoTwTVy5FGr.jpg' style='height:100px;'>
21032,Balto,Part Dog. Part Wolf. All Hero.,1995-12-22,Family|Animation|Adventure,Balto Collection,en,,11.348324,Universal Pictures|Amblin Entertainment|Amblimation,United States of America,423.0,7.1,12.140733,78.0,"An outcast half-wolf risks his life to prevent a deadly epidemic from ravaging Nome, Alaska.",English,<img src='http://image.tmdb.org/t/p/w185//gV5PCAVCPNxlOLFM1bKk50EqLXO.jpg' style='height:100px;'>
10858,Nixon,"Triumphant in Victory, Bitter in Defeat. He Changed the World, But Lost a Nation.",1995-12-22,History|Drama,,en,44.0,13.681765,Hollywood Pictures|Cinergi Pictures Entertainment,United States of America,72.0,7.1,5.092,192.0,"An all-star cast powers this epic look at American President Richard M. Nixon, a man carrying the fate of the world on his shoulders while battling the self-destructive demands within. Spanning his troubled boyhood in California to the shocking Watergate scandal that would end his presidency.",English,<img src='http://image.tmdb.org/t/p/w185//cICkmCEiXRhvZmbuAlsA5D9B2rK.jpg' style='height:100px;'>
1408,Cutthroat Island,The Course Has Been Set. There Is No Turning Back. Prepare Your Weapons. Summon Your Courage. Discover the Adventure of a Lifetime!,1995-12-22,Action|Adventure,,en,98.0,10.017322,Le Studio Canal+|Laurence Mark Productions|Metro-Goldwyn-Mayer (MGM)|Carolco Pictures,France|Germany|Italy|United States of America,137.0,5.7,7.284477000000001,119.0,"Morgan Adams and her slave, William Shaw, are on a quest to recover the three portions of a treasure map. Unfortunately, the final portion is held by her murderous uncle, Dawg. Her crew is skeptical of her leadership abilities, so she must complete her quest before they mutiny against her. This is made yet more difficult by the efforts of the British crown to end her pirate raids.",English|Latin,<img src='http://image.tmdb.org/t/p/w185//odM9973kIv9hcjfHPp6g6BlyTIJ.jpg' style='height:100px;'>
524,Casino,No one stays at the top forever.,1995-11-22,Drama|Crime,,en,52.0,116.112375,Universal Pictures|Légende Entreprises|Syalis DA|De Fina-Cappa,France|United States of America,1343.0,7.8,10.137389,178.0,The life of the gambling paradise – Las Vegas – and its dark mafia underbelly.,English,<img src='http://image.tmdb.org/t/p/w185//xo517ibXBDdYQY81j0WIG7BVcWq.jpg' style='height:100px;'>
4584,Sense and Sensibility,Lose your heart and come to your senses.,1995-12-13,Drama|Romance,,en,16.5,135.0,Columbia Pictures Corporation|Mirage Enterprises,United Kingdom|United States of America,364.0,7.2,10.673167,136.0,"Rich Mr. Dashwood dies, leaving his second wife and her daughters poor by the rules of inheritance. Two daughters are the titular opposites.",English,<img src='http://image.tmdb.org/t/p/w185//lA9HTy84Bb6ZwNeyoZKobcMdpMc.jpg' style='height:100px;'>
5,Four Rooms,"Twelve outrageous guests. Four scandalous requests. And one lone bellhop, in his first day on the job, who's in for the wildest New year's Eve of his life.",1995-12-09,Crime|Comedy,,en,4.0,4.3,Miramax Films|A Band Apart,United States of America,539.0,6.5,9.026586,98.0,It's Ted the Bellhop's first night on the job...and the hotel's very unusual guests are about to place him in some outrageous predicaments. It seems that this evening's room service is serving up one unbelievable happening after another.,English,<img src='http://image.tmdb.org/t/p/w185//eQs5hh9rxrk1m4xHsIz1w11Ngqb.jpg' style='height:100px;'>
9273,Ace Ventura: When Nature Calls,New animals. New adventures. Same hair.,1995-11-10,Crime|Comedy|Adventure,Ace Ventura Collection,en,30.0,212.385533,O Entertainment|Warner Bros.|Morgan Creek Productions,United States of America,1128.0,6.1,8.205447999999999,90.0,"Summoned from an ashram in Tibet, Ace finds himself on a perilous journey into the jungles of Africa to find Shikaka, the missing sacred animal of the friendly Wachati tribe. He must accomplish this before the wedding of the Wachati's Princess to the prince of the warrior Wachootoos. If Ace fails, the result will be a vicious tribal war.",English,<img src='http://image.tmdb.org/t/p/w185//wRlGnJhEzcxBjvWtvbjhDSU1cIY.jpg' style='height:100px;'>
11517,Money Train,"Get on, or GET OUT THE WAY!",1995-11-21,Action|Comedy|Crime,,en,60.0,35.431113,Columbia Pictures,United States of America,224.0,5.4,7.337905999999999,103.0,"A vengeful New York transit cop decides to steal a trainload of subway fares; his foster brother, a fellow cop, tries to protect him.",English,<img src='http://image.tmdb.org/t/p/w185//jSozzzVOR2kfXgTUuGnbgG2yRFi.jpg' style='height:100px;'>
8012,Get Shorty,"The mob is tough, but it’s nothing like show business.",1995-10-20,Comedy|Thriller|Crime,Chili Palmer Collection,en,30.25,115.101622,Jersey Films|Metro-Goldwyn-Mayer (MGM),United States of America,305.0,6.4,12.669608,105.0,"Chili Palmer is a Miami mobster who gets sent by his boss, the psychopathic ""Bones"" Barboni, to collect a bad debt from Harry Zimm, a Hollywood producer who specializes in cheesy horror films. When Chili meets Harry's leading lady, the romantic sparks fly. After pitching his own life story as a movie idea, Chili learns that being a mobster and being a Hollywood producer really aren't all that different.",English,<img src='http://image.tmdb.org/t/p/w185//vWtDUUgQAsVyvRW4mE75LBgVm2e.jpg' style='height:100px;'>
1710,Copycat,"One man is copying the most notorious killers in history one at a time. Together, two women must stop him from killing again. Or they're next.",1995-10-27,Drama|Thriller,,en,,,Regency Enterprises|New Regency Pictures,United States of America,199.0,6.5,10.701801,124.0,An agoraphobic psychologist and a female detective must work together to take down a serial killer who copies serial killers from the past.,English|Deutsch,<img src='http://image.tmdb.org/t/p/w185//80czeJGSoik22fhtUM9WzyjUU4r.jpg' style='height:100px;'>
9691,Assassins,"In the shadows of life, In the business of death, One man found a reason to live...",1995-10-06,Action|Adventure|Crime|Thriller,,en,50.0,30.303072,Silver Pictures|Canal+|Warner Bros.|Dino De Laurentiis Company|Donner/Shuler-Donner Productions|Evansgideon/Lazar,France|United States of America,394.0,6.0,11.065939,132.0,"Assassin Robert Rath arrives at a funeral to kill a prominent mobster, only to witness a rival hired gun complete the job for him -- with grisly results. Horrified by the murder of innocent bystanders, Rath decides to take one last job and then return to civilian life. But finding his way out of the world of contract killing grows ever more dangerous as Rath falls for his female target and becomes a marked man himself.",English|Español|Nederlands,<img src='http://image.tmdb.org/t/p/w185//xAx5MP7Dg4y85pyS7atX6eWk4Qd.jpg' style='height:100px;'>
12665,Powder,An extraordinary encounter with another human being.,1995-10-27,Drama|Fantasy|Science Fiction|Thriller,,en,,,Caravan Pictures|Hollywood Pictures,United States of America,143.0,6.3,12.133094,111.0,"Harassed by classmates who won't accept his shocking appearance, a shy young man known as ""Powder"" struggles to fit in. But the cruel taunts stop when Powder displays a mysterious power that allows him to do incredible things. This phenomenon changes the lives of all those around him in ways they never could have imagined.",English,<img src='http://image.tmdb.org/t/p/w185//1uRKsxOCtgz0xVqs9l4hYtp4dFm.jpg' style='height:100px;'>
451,Leaving Las Vegas,I Love You... The Way You Are.,1995-10-27,Drama|Romance,,en,3.6,49.8,United Artists|Intial Productions,United States of America,365.0,7.1,10.332025,112.0,"Ben Sanderson, an alcoholic Hollywood screenwriter who lost everything because of his drinking, arrives in Las Vegas to drink himself to death. There, he meets and forms an uneasy friendship and non-interference pact with prostitute Sera.",English,<img src='http://image.tmdb.org/t/p/w185//37qHRJxnSh5YkuaN9FgfNnMl3Tj.jpg' style='height:100px;'>
16420,Othello,"Envy, greed, jealousy and love.",1995-12-15,Drama,,en,,,Columbia Pictures|Castle Rock Entertainment,Italy,33.0,7.0,1.8458990000000002,123.0,The evil Iago pretends to be friend of Othello in order to manipulate him to serve his own end in the film version of this Shakespeare classic.,English,<img src='http://image.tmdb.org/t/p/w185//qM0BXEQjmnAzlkDZ0tYmV6twqMX.jpg' style='height:100px;'>
9263,Now and Then,In every woman there is the girl she left behind.,1995-10-20,Comedy|Drama|Family,,en,12.0,27.4,New Line Cinema,United States of America,91.0,6.6,8.681325,100.0,"Waxing nostalgic about the bittersweet passage from childhood to puberty in this tender coming-of-age tale, four childhood girlfriends -- Teeny, Chrissy, Samantha and Roberta -- recall the magical summer of 1970. During their walk down memory lane, they reconcile experiences with boys, secrets, bullies and more.",English,<img src='http://image.tmdb.org/t/p/w185//wD6rLdD2Ix3u9YLgE3Do8GyCHoz.jpg' style='height:100px;'>
17015,Persuasion,,1995-09-27,Drama|Romance,,en,,,BBC Films,United Kingdom|France,36.0,7.4,2.228434,104.0,"This film adaptation of Jane Austen's last novel follows Anne Elliot, the daughter of a financially troubled aristocratic family, who is persuaded to break her engagement to Frederick Wentworth, a young sea captain of meager means. Years later, money troubles force Anne's father to rent out the family estate to Admiral Croft, and Anne is again thrown into company with Frederick -- who is now rich, successful and perhaps still in love with Anne.",English,<img src='http://image.tmdb.org/t/p/w185//si8911IezMvAnQFDvyg1nKzDlD.jpg' style='height:100px;'>
902,The City of Lost Children,Where happily ever after is just a dream.,1995-05-16,Fantasy|Science Fiction|Adventure,,fr,18.0,1.738611,Procirep|Constellation Productions|France 3 Cinéma|Claudie Ossard Productions|Eurimages|MEDIA Programme of the European Union|Cofimage 5|Televisión Española (TVE)|Tele München Fernseh Produktionsgesellschaft (TMG)|Club d'Investissement Média|Canal+ España|Elías Querejeta Producciones Cinematográficas S.L.|Centre National de la Cinématographie (CNC)|Victoires Productions|Constellation|Lumière Pictures|Canal+|Studio Image|Cofimage 4|Ossane|Phoenix Images,France|Germany|Spain,308.0,7.6,9.822422999999999,108.0,"A scientist in a surrealist society kidnaps children to steal their dreams, hoping that they slow his aging process.",广州话 / 廣州話|Français,<img src='http://image.tmdb.org/t/p/w185//eVo6ewq4akfyJYy3GXkMsLNzEJc.jpg' style='height:100px;'>
37557,Shanghai Triad,In 1930's Shanghai violence was not the problem. It was the solution.,1995-04-30,Drama|Crime,,zh,,,Ministère des Affaires Étrangères|Alpha Films|La Sept Cinéma,China|France,17.0,6.5,1.1009149999999999,108.0,A provincial boy related to a Shanghai crime family is recruited by his uncle into cosmopolitan Shanghai in the 1930s to be a servant to a ganglord's mistress.,普通话,<img src='http://image.tmdb.org/t/p/w185//qcoOCoN7viOhboGwhYXyApdDuiq.jpg' style='height:100px;'>
9909,Dangerous Minds,She broke the rules... and changed their lives.,1995-08-11,Drama|Crime,,en,,180.0,Hollywood Pictures|Via Rosa Productions|Don Simpson/Jerry Bruckheimer Films,United States of America,249.0,6.4,9.481338000000001,99.0,"Former Marine Louanne Johnson lands a gig teaching in a pilot program for bright but underachieving teens at a notorious inner-city high school. After having a terrible first day, she decides she must throw decorum to the wind. When Johnson returns to the classroom, she does so armed with a no-nonsense attitude informed by her military training and a fearless determination to better the lives of her students -- no matter what the cost.",English,<img src='http://image.tmdb.org/t/p/w185//y5Jee3QmYOlpqfaPPbfvtdVc5wj.jpg' style='height:100px;'>
63,Twelve Monkeys,The future is history.,1995-12-29,Science Fiction|Thriller|Mystery,,en,29.5,168.84,Universal Pictures|Atlas Entertainment|Classico,United States of America,2470.0,7.4,12.297305,129.0,"In the year 2035, convict James Cole reluctantly volunteers to be sent back in time to discover the origin of a deadly virus that wiped out nearly all of the earth's population and forced the survivors into underground communities. But when Cole is mistakenly sent to 1990 instead of 1996, he's arrested and locked up in a mental hospital. There he meets psychiatrist Dr. Kathryn Railly, and patient Jeffrey Goines, the son of a famous virus expert, who may hold the key to the mysterious rogue group, the Army of the 12 Monkeys, thought to be responsible for unleashing the killer disease.",English|Français,<img src='http://image.tmdb.org/t/p/w185//6Sj9wDu3YugthXsU0Vry5XFAZGg.jpg' style='height:100px;'>
78802,Wings of Courage,,1996-09-18,Romance|Adventure,,fr,,,Iwerks Entertainment,France|United States of America,4.0,6.8,0.745542,50.0,,English,<img src='http://image.tmdb.org/t/p/w185//k6ODtR38dKEfuzSGjggr8KDyAF4.jpg' style='height:100px;'>
9598,Babe,A little pig goes a long way.,1995-07-18,Fantasy|Drama|Comedy|Family,Babe Collection,en,30.0,254.13491,Universal Pictures|Kennedy Miller Productions,Australia|United States of America,756.0,6.0,14.404764000000002,89.0,"Babe is a little pig who doesn't quite know his place in the world. With a bunch of odd friends, like Ferdinand the duck who thinks he is a rooster and Fly the dog he calls mom, Babe realizes that he has the makings to become the greatest sheep pig of all time, and Farmer Hogget knows it. With the help of the sheep dogs Babe learns that a pig can be anything that he wants to be.",English,<img src='http://image.tmdb.org/t/p/w185//gN6X3fwPya8pLffk9OEWV3DqBnE.jpg' style='height:100px;'>
47018,Carrington,A Love so Unusual it has to be True,1995-11-08,History|Drama|Romance,,en,,,StudioCanal|Cinéa|Euston Films|Freeway Films|European Co-production Fund|Polygram Filmed Entertainment|Orsans Productions,France|United Kingdom,16.0,6.4,1.4933610000000002,121.0,"The story of the relationship between painter Dora Carrington and author Lytton Strachey in a World War One England of cottages and countryside. Although platonic due to Strachey's homosexuality, the relationship was nevertheless a deep and complicated one. When Carrington did develop a more physical relationship with soldier Ralph Partridge, Strachey was able to welcome him as a friend, although Partridge remained somewhat uneasy, not so much with Strachey's lifestyle and sexual orientation as with the fact that he was a conscientious objector.",English,<img src='http://image.tmdb.org/t/p/w185//a7w6rPdTBgWAx6lnhwHemPx9pEw.jpg' style='height:100px;'>
687,Dead Man Walking,,1995-12-29,Drama,,en,11.0,39.363635,Havoc|PolyGram Filmed Entertainment|Working Title Films,United States of America|United Kingdom,350.0,7.3,6.891317,122.0,A justice drama based on a true story about a man on death row who in his last days forms a strong relationship with a nun who teaches him forgiveness and gives him spirituality as she accompanies him to his execution. Susan Sarandon won an Oscar for best female actress for her convincing portrayal of Sister Helen Prejean.,English,<img src='http://image.tmdb.org/t/p/w185//y19uRkAHXOHLeySuBVMqnvVnsrA.jpg' style='height:100px;'>
139405,Across the Sea of Time,,1995-10-20,Adventure|History|Drama|Family,,en,,,Sony New Technologies,United States of America,2.0,3.5,0.114469,51.0,"A young Russian boy, Thomas Minton, travels to New York as a passenger on a Russian freighter. Close to Ellis Island he gets off and thus starts his journey to America the same way as all immigrants in former times. Thomas is searching for the family of one of his ancestors, who had emigrated decades ago, but once sent a letter home together with a sample of his new profession: 3D-Photography. The boy follows his relative's traces by counter-checking the old 3D-Photographs of New York (using an antique viewer) with the same places and how they look today. This way, the audience gets to see the Big Apple in former times as well as today.",Pусский|English,<img src='http://image.tmdb.org/t/p/w185//lKOAyy098yjoot8cutYsStVO1WS.jpg' style='height:100px;'>
33689,It Takes Two,Two identical strangers. Two different worlds. One perfect match.,1995-11-17,Comedy|Family|Romance,,en,,,Dualstar Productions|Warner Bros.|Rysher Entertainment|Orr & Cruickshank,United States of America,149.0,6.1,7.777735000000001,101.0,"Identical 9-year-olds from very different backgrounds: orphaned Amanda and wealthy Alyssa meet at summer camp and decide to switch places -- and play matchmaker between Alyssa's dad, Roger, and the kind social worker who cares for Amanda.",English,<img src='http://image.tmdb.org/t/p/w185//l67WJL3Mjce1yoEgL4HheR5v75D.jpg' style='height:100px;'>
9603,Clueless,Sex. Clothes. Popularity. Is there a problem here?,1995-07-19,Comedy|Drama|Romance,,en,12.0,,Paramount Pictures,United States of America,828.0,6.9,9.882383,97.0,"Shallow, rich and socially successful Cher is at the top of her Beverly Hills high school's pecking scale. Seeing herself as a matchmaker, Cher first coaxes two teachers into dating each other. Emboldened by her success, she decides to give hopelessly klutzy new student Tai a makeover. When Tai becomes more popular than she is, Cher realizes that her disapproving ex-stepbrother was right about how misguided she was -- and falls for him.",Español|English,<img src='http://image.tmdb.org/t/p/w185//i8gEHh2sszB6YWLC0jl559sxAeN.jpg' style='height:100px;'>
34615,"Cry, the Beloved Country",,1995-12-15,Drama,,en,,0.676525,Miramax|Distant Horizon|Alpine Pty Limited,South Africa,13.0,6.7,0.894647,106.0,A South-African preacher goes to search for his wayward son who has committed a crime in the big city.,English,<img src='http://image.tmdb.org/t/p/w185//ymA7HQqRiyo1xrnFFv1ZrwNpwlb.jpg' style='height:100px;'>
31174,Richard III,"I can smile, and murder while I smile",1995-12-29,Drama|War,,en,,,British Screen|Mayfair Entertainment International,United Kingdom|United States of America,50.0,6.9,4.561387,104.0,Shakespeare's Play transplanted into a 1930s setting.,English,<img src='http://image.tmdb.org/t/p/w185//e8nuS9GQoSFaqld4hW5erk2ccag.jpg' style='height:100px;'>
11443,Dead Presidents,"In this daring heist, the only color that counts is green",1995-10-06,Action|Crime|Drama|History,,en,10.0,,Caravan Pictures|Underworld Entertainment|Hollywood Pictures,United States of America,80.0,6.6,9.87957,119.0,"Depicts a heist of old bills, retired from circulation and destined by the government to be ""money to burn"". However, more broadly, it addresses the issues of Black Americans' involvement in the Vietnam War and their subsequent disillusionment with progress in social issues and civil rights back home in the United States, during the 1960s.",English,<img src='http://image.tmdb.org/t/p/w185//2dLyvXVvJXUR9otoqERkYpao1bB.jpg' style='height:100px;'>
35196,Restoration,,1995-12-29,Drama|Romance,,en,19.0,,Miramax Films,United States of America,30.0,6.3,10.979269,117.0,"An aspiring young physician, Robert Merivel found himself in the service of King Charles II and saves the life of someone close to the King. Merivel joins the King's court and lives the high life provided to someone of his position. Merivel is ordered to marry his King's mistress in order to divert the queens suspicions. He is given one order by the king and that is not to fall in love. The situation worsens when Merivel finds himself in love with his new wife. Eventually, the King finds out and relieves Merivel of his position and wealth. His fall from grace leaves Merivel where he first started. And through his travels and reunions with an old friend, he rediscovers his love for true medicine and what it really means to be a physician.",English|Español,<img src='http://image.tmdb.org/t/p/w185//aqQdEQ1ZVdzrREJxCoPzTlLgHVw.jpg' style='height:100px;'>
9312,Mortal Kombat,Nothing In This World Has Prepared You For This.,1995-08-18,Action|Fantasy,Mortal Kombat Collection,en,18.0,122.19592,New Line Cinema|Threshold Entertainment,United States of America,452.0,5.4,10.870138,101.0,"For nine generations an evil sorcerer has been victorious in hand-to-hand battle against his mortal enemies. If he wins a tenth Mortal Kombat tournament, desolation and evil will reign over the multiverse forever. To save Earth, three warriors must overcome seemingly insurmountable odds, their own inner demons, and superhuman foes in this action/adventure movie based on one of the most popular video games of all time.",English,<img src='http://image.tmdb.org/t/p/w185//bdXWixjWVA7Y03PvW74xufrROiJ.jpg' style='height:100px;'>
577,To Die For,All she wanted was a little attention.,1995-05-20,Fantasy|Drama|Comedy|Thriller,,en,20.0,21.284514,The Rank Organisation|Columbia Pictures Corporation,United States of America,177.0,6.7,10.448481,106.0,"Susan wants to work in television and will therefore do anything it takes, even if it means killing her husband. A very dark comedy from independent director Gus Van Sant with a brilliant Nicole Kidman in the leading role.",English,<img src='http://image.tmdb.org/t/p/w185//zCREx8trzejNieDLUsRuwLU0cS3.jpg' style='height:100px;'>
11861,How To Make An American Quilt,There's beauty in the patterns of life.,1995-10-06,Drama|Romance,,en,10.0,23.57413,Universal Pictures|Amblin Entertainment,United States of America,38.0,6.5,4.485958,116.0,"Soon-to-be-wed graduate student Finn Dodd develops cold feet when she suspects her fiancé is cheating on her. In order to clear her head, Finn visits her grandmother, Hy, and great aunt, Glady Joe Cleary, in Grasse, Calif. There, Finn learns that Hy and Glady Joe are members of a group of passionate quilters, and over the course of her visit she is regaled with tales of love and life by women who have collected rich experiences and much wisdom.",English,<img src='http://image.tmdb.org/t/p/w185//wnWAZHbjX5Wj6hyb0gGmFdMADZk.jpg' style='height:100px;'>
807,Se7en,Seven deadly sins. Seven ways to die.,1995-09-22,Crime|Mystery|Thriller,,en,33.0,327.311859,New Line Cinema|Juno Pix|Cecchi Gori Pictures,United States of America,5915.0,8.1,18.45743,127.0,"Two homicide detectives are on a desperate hunt for a serial killer whose crimes are based on the ""seven deadly sins"" in this dark and haunting film that takes viewers from the tortured remains of one victim to the next. The seasoned Det. Sommerset researches each sin in an effort to get inside the killer's mind, while his novice partner, Mills, scoffs at his efforts to unravel the case.",English,<img src='http://image.tmdb.org/t/p/w185//8zw8IL4zEPjkh8Aysdcd0FwGMb0.jpg' style='height:100px;'>
10530,Pocahontas,An American legend comes to life.,1995-06-14,Adventure|Animation|Drama|Family,Pocahontas Collection,en,55.0,346.079773,Walt Disney Pictures|Walt Disney Feature Animation,United States of America,1509.0,6.7,13.280069000000001,81.0,"History comes gloriously to life in Disney's epic animated tale about love and adventure in the New World. Pocahontas is a Native American woman whose father has arranged for her to marry her village's best warrior. But a vision tells her change is coming, and soon she comes face to face with it in the form of Capt. John Smith.",English,<img src='http://image.tmdb.org/t/p/w185//qk95miOV8wDABbO5gyCpCrvbVFu.jpg' style='height:100px;'>
8391,When Night Is Falling,,1995-05-05,Drama|Romance,,en,,,Alliance Communications Corporation,Canada,10.0,5.9,3.302524,96.0,"A prudish woman, working on tenure as a literacy professor at a large urban university, finds herself strangely attracted to a free-spirited, liberal woman whom works at a local carnival which comes to town.",English,<img src='http://image.tmdb.org/t/p/w185//wnUuYc9XnWrTTAGz8YjjULA3Zmr.jpg' style='height:100px;'>
629,The Usual Suspects,Five Criminals. One Line Up. No Coincidence.,1995-07-19,Drama|Crime|Thriller,,en,6.0,23.341568,Blue Parrot Productions|Bad Hat Harry Productions,United States of America,3334.0,8.1,16.302466,106.0,"Held in an L.A. interrogation room, Verbal Kint attempts to convince the feds that a mythic crime lord, Keyser Soze, not only exists, but was also responsible for drawing him and his four partners into a multi-million dollar heist that ended with an explosion in San Pedro harbor – leaving few survivors. Verbal lures his interrogators with an incredible story of the crime lord's almost supernatural prowess.",Español|English|Français|Magyar,<img src='http://image.tmdb.org/t/p/w185//jgJoRWltoS17nD5MAQ1yK2Ztefw.jpg' style='height:100px;'>
117164,Guardian Angel,She's no angel of mercy.,1994-11-22,Action|Thriller|Drama,,en,,,,,3.0,6.3,0.595949,93.0,"Detective - turned - bodyguard Cynthia McKay (Cynthia Rothrock) is hired by a psychotic icy seductress, Nina Lindell (Lydie Denier), the same woman who killed Mckay's lover months earlier.  With vendetta in her heart McKay accompanies the flamboyantly playful womanizer through the glamourous world of the super-rich as his protector.  In a unique role reversal, it is the woman protecting the man from another woman, erupting into a deadly triangle of passion, suspense and action.",,<img src='http://image.tmdb.org/t/p/w185//hwbKoOSUuzuN2AQppnUxwwd4qOD.jpg' style='height:100px;'>
11448,Mighty Aphrodite,,1995-09-13,Comedy|Romance,,en,15.0,6.7,Miramax Films|Magnolia Pictures,United States of America,145.0,6.7,15.899134,95.0,"When Lenny and his wife, Amanda, adopt a baby, Lenny realizes that his son is a genius and becomes obsessed with finding the boy's biological mother in hopes that she will be brilliant too. But when he learns that Max's mother is Linda Ash, a kindhearted prostitute and porn star, Lenny is determined to reform her immoral lifestyle. A Greek chorus chimes in to relate the plot to Greek mythology in this quirky comedy.",English,<img src='http://image.tmdb.org/t/p/w185//2NcPyb9vPehZ0aOjYayDAW1XeVy.jpg' style='height:100px;'>
49133,Lamerica,,1994-01-01,Drama|Foreign,,it,,,,Italy|France|Switzerland,11.0,7.7,1.361286,116.0,"Fiore, an Italian conman, arrives in post Communist Albania with Gino, his young apprentice, to set up a shoe factory that will never open. The con requires a native Albanian, so they designate Spiro, an impoverished and confused former political prisoner as chairman of the board. When Fiore returns to Italy to get government funds for the project, Spiro unexpectedly disappears and Gino sets out on a journey to find him. The search leads him to discover Spiro's tragic personal history and witness Albanian poverty firsthand.",shqip|Italiano,<img src='http://image.tmdb.org/t/p/w185//407nYlg60AOj95lqDZ4tvUTTm1k.jpg' style='height:100px;'>
26441,The Big Green,The biggest kick of the year!,1995-09-29,Action|Adventure|Comedy|Family,,en,,,Walt Disney Pictures|Caravan Pictures,United States of America,41.0,5.2,5.9827639999999995,100.0,"In a depressed Texas town, British foreign exchange teacher Anna attempts to inject some life into her hopeless kids by introducing them to soccer. They're terrible at first, but Anna and her football-hero assistant whip them into shape. As they work overtime, the pair help kids build their self-esteem and also get involved in solving family squabbles.",English|Deutsch,<img src='http://image.tmdb.org/t/p/w185//erWfSEcjO4LG69Tlm2mED5JMSqH.jpg' style='height:100px;'>
97406,Georgia,The toughest act to follow was their dreams.,1995-05-19,Drama,,en,,,Miramax Films|CiBy 2000,France|United States of America,15.0,6.1,4.093443,115.0,"Sadie looks up to her older sister Georgia, a successful folk singer who's happily married with children, but can't break out of the bar-band circuit and hit the big time she desperately covets. It's in part due to her attraction to drugs and booze, and also to her own unwise choice in men. Finally, though, Sadie's Achilles heel is a rough, unlovely voice very different than her sister's crowd-pleasing singing.",English,<img src='http://image.tmdb.org/t/p/w185//5OTTRuKfiso75xofN8Vl5mRXOQP.jpg' style='height:100px;'>
124057,Kids of the Round Table,,1997-07-08,,,en,,,Telefilm Canada|Melenny Productions,,1.0,3.0,0.307075,89.0,"Set in modern times, Alex finds King Arthur's sword Excalibur and must prove himself worthy of it.",English,<img src='http://image.tmdb.org/t/p/w185//tL9ImxOccEshRlgmrKQabKH2tCd.jpg' style='height:100px;'>
9089,Home for the Holidays,We'll do it every year..until we get it right,1995-11-02,Comedy|Drama|Romance,,en,,17.519169,Paramount Pictures|Egg Pictures|PolyGram Filmed Entertainment,United States of America,39.0,6.3,8.416802,103.0,"After losing her job, making out with her soon to be ex-boss, and finding out that her daughter plans to spend Thanksgiving with her boyfriend, Claudia Larson has to face spending the holiday with her family. She wonders if she can survive their crazy antics.",English|Español,<img src='http://image.tmdb.org/t/p/w185//97EKLaslQ4gzkvALtqGCDOmsGHk.jpg' style='height:100px;'>
11010,The Postman,,1994-09-22,Comedy|Drama|Romance,,it,,,,Belgium|France|Italy,181.0,7.6,10.168436999999999,108.0,Simple Italian postman learns to love poetry while delivering mail to a famous poet; he uses this to woo local beauty Beatrice.,Italiano|Español,<img src='http://image.tmdb.org/t/p/w185//qkq2JfINRQi4Iu9VTMMtQFfmGWZ.jpg' style='height:100px;'>
99040,The Confessional,,1995-09-29,Thriller|Drama|Mystery,,fr,,,,Canada,2.0,6.5,0.12078900000000001,100.0,"The year is 1952, in Quebec City. Rachel (16), unmarried and pregnant, works in the church. Filled with shame, she unburdens her guilt to a young priest, under the confidentiality of the confessional. In the present year of 1989, Pierre Lamontagne has returned to Quebec to attend his father's funeral. He meets up with his adopted brother, Marc, who has begun questioning his identity and has embarked on a quest for his roots that would lead them to the Quebec of the 1950s. Past and present converge in a complex web of intrigue where the answer to the mystery lies.",English|Français,<img src='http://image.tmdb.org/t/p/w185//8RCRrSAY8e3Qn5p9cNv188ogmZQ.jpg' style='height:100px;'>
11359,The Indian in the Cupboard,,1995-07-14,Adventure|Family|Fantasy,,en,45.0,,Paramount Pictures|Columbia Pictures Corporation|The Kennedy/Marshall Company,United States of America,136.0,5.9,10.673296,96.0,A nine-year-old boy gets a plastic Indian and a cupboard for his birthday and finds himself involved in adventure when the Indian comes to life and befriends him.,English,<img src='http://image.tmdb.org/t/p/w185//l16BtfILyWxYwSqzofL3V1rMSwe.jpg' style='height:100px;'>
17182,Eye for an Eye,What do you do when justice fails?,1996-01-12,Drama|Thriller,,en,20.0,,Paramount Pictures,United States of America,65.0,5.8,4.733526,101.0,"It's fire and brimstone time as grieving mother Karen McCann takes justice into her own hands when a kangaroo court in Los Angeles fails to convict Robert Doob, the monster who raped and murdered her 17-year-old daughter.",English|Français|한국어/조선말|Español,<img src='http://image.tmdb.org/t/p/w185//y2lZSdJ1o0VvLegTw3ad6KFtxra.jpg' style='height:100px;'>
2054,Mr. Holland's Opus,"Of All the Lives He Changed, the One That Changed the Most Was His Own.",1995-12-29,Music|Drama|Family,,en,,106.269971,Hollywood Pictures|The Charlie Mopic Company|PolyGram Filmed Entertainment|Interscope Communications,United States of America,115.0,6.9,7.137117,137.0,"In 1965, passionate musician Glenn Holland takes a day job as a high school music teacher, convinced it's just a small obstacle on the road to his true calling: writing a historic opus. As the decades roll by with the composition unwritten but generations of students inspired through his teaching, Holland must redefine his life's purpose.",English,<img src='http://image.tmdb.org/t/p/w185//jYEKdpVvRV3KdyHMUVYyg0KTVSY.jpg' style='height:100px;'>
10607,Don't Be a Menace to South Central While Drinking Your Juice in the Hood,"Finally, the movie that proves that Justice isn't always Poetic, Jungle Fever isn't always pretty, and Higher Learning can be a waste of time.",1996-01-12,Comedy,,en,,,Miramax Films|Island Pictures|Ivory Way Productions,United States of America,192.0,6.2,11.700115,89.0,"When Ashtray (Shawn Wayans) moves to South Central L.A. to live with his father (who appears to be the same age he is) and grandmother (who likes to talk tough and smoke reefer), he falls in with his gang-banging cousin Loc Dog (Marlon Wayans), who along with the requisite pistols and Uzi carries a thermo-nuclear warhead for self-defense. Will Ashtray be able to keep living the straight life?",English|Español,<img src='http://image.tmdb.org/t/p/w185//l6D9f9WbxdI4tyCmJGs56y8tQla.jpg' style='height:100px;'>
19760,Two If by Sea,"A new comedy about love, laughter, and larceny",1996-01-12,Comedy|Romance,,en,,,Warner Bros.|Morgan Creek Productions,United States of America,14.0,4.5,2.174487,96.0,"Frank O'Brien, a petty thief, and his 7-year-long girlfriend Roz want to put an end to their unsteady lifestyle and just do that last job, which involves stealing a valuable painting. Frank takes Roz to an island on the coast of New England, where he wants to sell the painting and also hopes that their sagging relationship will get a positive push back up. Not everything goes as planned.",English,<img src='http://image.tmdb.org/t/p/w185//e0iwJJiLjk8Z6A9TuL3neX504H3.jpg' style='height:100px;'>
9536,Bio-Dome,Bud and Doyle are here to save the world. But who's gonna save the world from Bud and Doyle?,1996-01-12,Comedy,,en,15.0,,Metro-Goldwyn-Mayer (MGM)|Motion Picture Corporation of America (MPCA)|3 Arts Entertainment|Weasel Productions,United States of America,110.0,4.4,6.387469,88.0,"Bud and Doyle are two losers who are doing nothing with their lives. Both of their girlfriends are actively involved in saving the environment, but the two friends couldn't care less about saving the Earth. One day, when a group of scientists begin a mission to live inside a ""Bio-Dome"" for a year without outside contact, Bud and Doyle mistakenly become part of the project themselves.",English|Pусский,<img src='http://image.tmdb.org/t/p/w185//1bAUaipv3gDU1pATGwziyq1VTwZ.jpg' style='height:100px;'>
11525,Lawnmower Man 2: Beyond Cyberspace,"God made him simple. Science made him a god. Now, he wants revenge.",1996-01-12,Action|Science Fiction,The Lawnmower Man Collection,en,,2.409225,New Line Cinema,United States of America,32.0,2.8,2.49535,92.0,"Jobe is resuscitated by Jonathan Walker. He wants Jobe to create a special computer chip that would connect all the computers in the world into one network, which Walker would control and use. But what Walker doesn't realize is a group of teenage hackers are on to him and out to stop his plan.",English|Magyar,<img src='http://image.tmdb.org/t/p/w185//i0hBsWBLw64XRehFzCL44PaCs1y.jpg' style='height:100px;'>
40628,Two Bits,You're never too old to believe in a dream. Or too young to make one come true!,1995-10-22,Drama|Family,,en,,,Miramax Films,United States of America,11.0,5.4,4.046208,85.0,"It's a hot summer day in 1933 in South Philly, where 12-year old Gennaro lives with his widowed mom and his ailing grandpa, who sits outside holding tight to his last quarter, which he's promised to Gennaro and which Gennaro would like to have to buy a ticket to the plush new movie theater. But grandpa's not ready to pass on the quarter or pass on to his final reward: he has some unfinished business with a woman from his past, and he enlists Gennaro to act as his emissary.",English,<img src='http://image.tmdb.org/t/p/w185//k4jOFtt7NqEtLnoI2Rs3BqKNHtI.jpg' style='height:100px;'>
4482,French Twist,,1995-02-08,Comedy|Romance,,fr,,,Renn Productions|Les Films Flam|TF1 Films Production|Canal+,France,43.0,6.0,2.518051,95.0,"After learning of her husband's infidelities, a housewife invites an itinerant lesbian to move in with them. None of their lives will ever be the same again.",Français|Español,<img src='http://image.tmdb.org/t/p/w185//dDB8mMKRL28gHsRcGPoMQYrzaXg.jpg' style='height:100px;'>
10634,Friday,A lot can go down between thursday and saturday...,1995-04-26,Comedy,Friday Collection,en,3.5,28.215918,New Line Cinema,United States of America,513.0,7.0,14.56965,91.0,"Craig and Smokey are two guys in Los Angeles hanging out on their porch on a Friday afternoon, smoking and drinking, looking for something to do.",English,<img src='http://image.tmdb.org/t/p/w185//kkoGT4bnK5oGiNbzGGcXzrXMSxn.jpg' style='height:100px;'>
755,From Dusk Till Dawn,One night is all that stands between them and freedom. But it's going to be a hell of a night.,1996-01-19,Horror|Action|Thriller|Crime,From Dusk Till Dawn Collection,en,19.0,25.836616,A Band Apart|Dimension Films|Los Hooligans Productions|Miramax,United States of America,1644.0,6.9,15.339153,108.0,"Seth Gecko and his younger brother Richard are on the run after a bloody bank robbery in Texas. They escape across the border into Mexico and will be home-free the next morning, when they pay off the local kingpin. They just have to survive 'from dusk till dawn' at the rendezvous point, which turns out to be a Hell of a strip joint.",English|Español,<img src='http://image.tmdb.org/t/p/w185//ce0d4kM5KxT4x1Oq8JkSuNYevri.jpg' style='height:100px;'>
11859,Fair Game,He's a cop on the edge. She's a woman with a dangerous secret. And now they're both...,1995-11-03,Action|Thriller|Romance,,en,50.0,11.534477,Silver Pictures|Warner Bros.,United States of America,54.0,4.1,5.912223,91.0,"Max Kirkpatrick is a cop who protects Kate McQuean, a civil law attorney, from a renegade KGB team out to terminate her",English|Español,<img src='http://image.tmdb.org/t/p/w185//ew0LrIN5fpxdimrErEy9Yry3Nn2.jpg' style='height:100px;'>
28387,Kicking and Screaming,Anxiety loves company.,1995-10-06,Comedy|Drama|Romance,,en,,0.71849,Castleberg Productions|Sandollar Productions,United States of America,36.0,7.0,3.3672760000000004,96.0,"After college graduation, Grover's girlfriend Jane tells him she's moving to Prague to study writing. Grover declines to accompany her, deciding instead to move in with several friends, all of whom can't quite work up the inertia to escape their university's pull. Nobody wants to make any big decisions that would radically alter his life, yet none of them wants to end up like Chet, the professional student who tends bar and is in his tenth year of university studies.",English,<img src='http://image.tmdb.org/t/p/w185//urPxxjylNUHmoNcGkMgHStMTxhF.jpg' style='height:100px;'>
48750,Les Miserables,"In a time of chaos, in a world of change, he was moved by a book he could not read to become a hero he never imagined.",1995-03-22,Drama|History,,fr,,,Les Films 13|Canal+|TF1,France,8.0,6.6,1.4794459999999998,175.0,"In France during World War II, a poor and illiterate man, Henri Fortin (Jean-Paul Belmondo), is introduced to Victor Hugo's classic novel Les Misérables and begins to see parallels between the book and his own life.",Français,<img src='http://image.tmdb.org/t/p/w185//ePJCk8puXx28CtvpSpmezpwfVt8.jpg' style='height:100px;'>
20927,Bed of Roses,He gave her flowers. She gave him a chance.,1996-01-26,Drama|Romance,,en,,19.030691,New Line Cinema|Juno Pix,United States of America,27.0,5.1,10.412194,87.0,"The seeds of love are planted when Lisa, a high-powered investment banker, receives flowers from a secret admirer. But when his fairy-tale fantasies clash with her workaholic ways, they soon find out that sometimes, it's harder than it seems for love to conquer all.",English,<img src='http://image.tmdb.org/t/p/w185//kTEpzjzyeYER1WuCm7Seul4Fatc.jpg' style='height:100px;'>
36929,Big Bully,A comedy for the kid in all of us.,1996-01-26,Comedy|Family,,en,15.0,2.04253,Warner Bros.|Morgan Creek Productions,United States of America,16.0,3.9,2.936443,90.0,"A writer returns to his hometown where he faces the childhood nemesis whose life he ultimately ruined, only the bully wants to relive their painful past by torturing him once again.",English,<img src='http://image.tmdb.org/t/p/w185//wtFekK9VKWujQW9R9c6sYbir6wm.jpg' style='height:100px;'>
9102,Screamers,The last scream you hear will be your own.,1995-09-08,Horror|Science Fiction,Screamers Collection,en,20.0,5.781885,The Movie Network (TMN)|Allegro Films|Fuji Eight Company Ltd.|Fries Film Group|Super Ecran|Triumph Films,Canada|Japan|United States of America,154.0,6.1,12.758848,108.0,"(SIRIUS 6B, Year 2078) On a distant mining planet ravaged by a decade of war, scientists have created the perfect weapon: a blade-wielding, self-replicating race of killing devices known as Screamers designed for one purpose only -- to hunt down and destroy all enemy life forms.",English,<img src='http://image.tmdb.org/t/p/w185//aFEs7D7IQ2IehTsniRIojDkiDl6.jpg' style='height:100px;'>
124626,Nico Icon,,1995-02-18,Documentary,,en,,,Zweites Deutsches Fernsehen (ZDF)|Ciak Filmproduktion|Bluehorse Films,Germany|United States of America,3.0,7.3,0.133893,70.0,"A look into the many lives of Christa Päffgen, otherwise known as Nico; from cutie German mädchen to the first of the supermodels, to glamorous diva of the Velvet Underground, to cult item, junkie and hag. Many faces for the same woman, whom, you realize, just couldn't bring herself to care enough to live.",Deutsch|English,<img src='http://image.tmdb.org/t/p/w185//tuIDKBp92R4tGFOB46MofvakfiY.jpg' style='height:100px;'>
27526,The Crossing Guard,"...some lives cross, others collide.",1995-11-15,Drama|Thriller,,en,,,Miramax Films,United States of America,74.0,6.1,5.756462,111.0,"After his daughter died in a hit and run, Freddy Gale has waited six years for John Booth, the man responsible, to be released from prison. On the day of release, Gale visits Booth and announces that he will kill him in one week. Booth uses his time to try and make peace with himself and his entourage, and even finds romance. Gale, whose life is spiraling down because of his obsession towards Booth, will bring himself on the very edge of sanity. At he end of the week, both men will find themselves on a collision course with each other.",English,<img src='http://image.tmdb.org/t/p/w185//mMXL84GqES2HYpJ0Zt18I7m6mfU.jpg' style='height:100px;'>
9623,The Juror,There is no defense.,1996-02-02,Drama|Thriller,,en,44.0,,Columbia Pictures Corporation,United States of America,91.0,5.5,6.010579,118.0,"With his gangster boss on trial for murder, a mob thug known as ""the Teacher"" tells Annie Laird she must talk her fellow jurors into a not-guilty verdict, implying that he'll kill her son Oliver if she fails. She manages to do this, but, when it becomes clear that the mobsters might want to silence her for good, she sends Oliver abroad and tries to gather evidence of the plot against her, setting up a final showdown.",English,<img src='http://image.tmdb.org/t/p/w185//7aXOB0DyZPxNOYbaQ2oiNn64jm3.jpg' style='height:100px;'>
46785,The White Balloon,,1995-01-01,Family|Drama,,fa,,,I.R.I.B. Channel 2|Ferdos Films,Iran,20.0,7.5,1.196256,85.0,Several people try to take advantage of a little girl's innocence to hustle money her mom gave to her to buy a goldfish with.,فارسی,<img src='http://image.tmdb.org/t/p/w185//96UDOJNgJXHmQMJqA79bKS9PR8i.jpg' style='height:100px;'>
400,Things to Do in Denver When You're Dead,Protect. Love. Honor. Avenge.,1995-12-01,Drama|Crime,,en,8.0,0.529766,Miramax Films,United States of America,87.0,6.7,4.486179,116.0,A mafia film in Tarantino style with a star-studded cast. Jimmy’s “The Saint” gangster career has finally ended. Yet now he finds him self doing favors for a wise godfather known as “The Man with the Plan.”,English,<img src='http://image.tmdb.org/t/p/w185//ysKIolKO0376Nl5DV1fDAAPudEq.jpg' style='height:100px;'>
880,Antonia's Line,A motion picture that celebrates everything you love about life.,1995-09-12,Drama|Comedy,,nl,0.9,,Bergen Film|Bard Entertainments|NPS Televisie,Netherlands|United Kingdom|Belgium,26.0,7.2,2.030174,102.0,"After World War II, Antonia and her daughter, Danielle, go back to their Dutch hometown, where Antonia's late mother has bestowed a small farm upon her. There, Antonia settles down and joins a tightly-knit but unusual community. Those around her include quirky friend Crooked Finger, would-be suitor Bas and, eventually for Antonia, a granddaughter and great-granddaughter who help create a strong family of empowered women.",Nederlands,<img src='http://image.tmdb.org/t/p/w185//bIQp2SJrVXiQttv9hXeqliQox0K.jpg' style='height:100px;'>
146599,Once Upon a Time... When We Were Colored,,1996-01-26,Romance|Drama,,en,,,BET Pictures|United Image Entertainme,United States of America,2.0,4.5,0.252287,115.0,"This film relates the story of a tightly connected Afro-American community informally called Colored Town where the inhabitants live and depend on each other in a world where racist oppression is everywhere, as told by a boy called Cliff who spent his childhood there. Despite this, we see the life of the community in all its joys and sorrows, of those that live there while others decide to leave for a better life north. For those remaining, things come to a serious situation when one prominent businessman is being muscled out by a white competitor using racist intimidation. In response, the community must make the decision of whether to submit meekly like they always have, or finally fight for their rights.",English,<img src='http://image.tmdb.org/t/p/w185//tsJSlkFSZPQhhVuKrYJXNClYaPD.jpg' style='height:100px;'>
188588,Last Summer in the Hamptons,,1995-11-22,,,en,,,,,0.0,,0.531159,108.0,"Filmed entirely on location in East Hampton, Long Island, ""Last Summer in the Hamptons"" concerns a large theatrical family spending the last weekend of their summer together at the decades-old family retreat which economic circumstances have forced them to put on the market. Victoria Foyt plays a young Hollywood actress whose visit wreaks havoc on the stellar group of family and friends - led by matriarch Viveca Lindfors and made up of an extraordinary mix of prominent New York actors, directors, and playwrights. In the course of a very unusual weekend, comic as well as serious situations arise, and the family's secrets - of which there are many - begin to unravel.",,<img src='http://image.tmdb.org/t/p/w185//pfgpkDNcwSi1x4jVzeLqvxTwX5a.jpg' style='height:100px;'>
8447,Angels and Insects,An elegant seduction. An erotic deception. A stunning revelation.,1995-09-10,Drama|Romance,,en,,,Playhouse International Pictures|The Samuel Goldwyn Company,United Kingdom|United States of America,17.0,6.3,2.1516599999999997,118.0,"In Victorian England, wealthy patriarch Sir Harald Alabaster invites an impoverished biologist, William Adamson, into his home. There, William tries to continue his work, but is distracted by Alabaster's seductive daughter, Eugenia. William and Eugenia begin a torrid romance, but as the couple become closer, the young scientist begins to realize that dark, disturbing things are happening behind the closed doors of the Alabaster manor.",English,<img src='http://image.tmdb.org/t/p/w185//1QyCF6IFoX5WJIYHOkmLa3vzU0r.jpg' style='height:100px;'>
10534,White Squall,,1996-02-02,Action|Drama,,en,38.0,10.3,Hollywood Pictures|Largo Entertainment|Scott Free Productions,United States of America,86.0,6.3,9.568603999999999,129.0,Teenage boys discover discipline and camaraderie on an ill-fated sailing voyage.,Dansk|English|Français|Deutsch,<img src='http://image.tmdb.org/t/p/w185//3a5nomeyzJF4gG26HouCtce99ki.jpg' style='height:100px;'>
17414,Dunston Checks In,He's about to turn a Five Star Hotel into a three ring circus.,1996-01-12,Adventure|Comedy|Family,,en,16.0,,Twentieth Century Fox Film Corporation|Joe Wizan/Todd Black,United States of America,59.0,5.1,4.814825,88.0,"Hotel manager Robert Grant is forced by his boss to postpone his family vacation when a hotel critic checks in. Trouble is, the critic is really a villainous jewel thief with an orangutan assistant named Dunston. When Dunston gets loose and tries to escape a life of crime -- aided by Robert's sons -- havoc, hijinks and lots of laughs abound!",English|Français|Pусский,<img src='http://image.tmdb.org/t/p/w185//lXSWbUA3T2o792SYdbfFKFTcSC1.jpg' style='height:100px;'>
13997,Black Sheep,There's one in every family.,1996-02-01,Comedy,,en,,3.2e-05,Paramount Pictures,United States of America,124.0,6.0,8.963037,87.0,"When dignified Albert Donnelly runs for Governor, his team moves to keep his slow-witted and klutzy younger brother, Mike, out of the eye of the media. To baby-sit Mike, the campaign assigns sarcastic Steve, who gets the experience of a lifetime when he tries to take Mike out of town during the election.",English,<img src='http://image.tmdb.org/t/p/w185//2wsaboVhKXpsLchoaXi0oWmQ7xM.jpg' style='height:100px;'>
2086,Nick of Time,,1995-11-22,Crime|Drama|Thriller,,en,8.169363,8.175346,Paramount Pictures,United States of America,190.0,6.1,6.848591000000001,90.0,"Gene Watson is a public accountant who arrives on a train at Union Station in Los Angeles, accompanied by his 6-year-old daughter Lynn. Because of his ordinary looks, he is approached by a pair of sinister people named Smith and Jones.",English,<img src='http://image.tmdb.org/t/p/w185//3kYcyD9yAjdjimYlIiGPfdMVbZb.jpg' style='height:100px;'>
61548,The Journey of August King,,1995-09-14,Drama,,en,,,Miramax Films|Addis Wechsler Pictures,United States of America,3.0,6.7,0.41142399999999996,91.0,"The Journey of August King is a multi-dimensional drama about a North Carolina farmer in 1815. August King, a widower, is on his way home as he does every year after selling his produce and purchasing the stock and goods he will need to survive the winter. On his journey, he comes upon a run-away slave, a young woman about 19 and August King must decide to violate the law and help this slave to freedom or else leave her to be hunted down and, ultimately, returned to her slave owner.",English,<img src='http://image.tmdb.org/t/p/w185//hT5CF2RJPAVi9TE4iKxGYAufY4J.jpg' style='height:100px;'>
9095,Mary Reilly,The untold story of Jekyll and Hyde,1996-02-23,Drama|Horror|Thriller|Romance,,en,47.0,12.379402,TriStar Pictures|NFH Productions,United States of America,77.0,5.7,12.866139,104.0,"A housemaid falls in love with Dr. Jekyll and his darkly mysterious counterpart, Mr. Hyde.",English,<img src='http://image.tmdb.org/t/p/w185//Oesh4pN5J2ing4flkgkiVdxILP.jpg' style='height:100px;'>
12158,Vampire in Brooklyn,A comic tale of horror and seduction.,1995-10-26,Comedy|Horror|Romance,,en,14.0,19.8,Paramount Pictures,United States of America,113.0,4.5,9.071127,100.0,"Maximillian, the lone survivor of a race of vampires, comes to Brooklyn in search of a way to live past the next full moon. His ticket to survival is Rita, a NYPD detective who doesn't know she's half vampire -- and Maximillian will do whatever's necessary to put her under his spell.",English,<img src='http://image.tmdb.org/t/p/w185//bH1v8z12ZU7Y6zANgU1B00a86Co.jpg' style='height:100px;'>
9283,Beautiful Girls,"Good times never seemed so good,",1996-02-09,Comedy|Drama|Romance,,en,,,Miramax Films|Woods Entertainment,United States of America,103.0,6.6,4.670562,112.0,"During a snowy winter in the small fictional town of Knight""s Ridge, Massachusetts, a group of lifelong buddies hang out, drink and struggle to connect with the women who affect their decisions, dreams and desires.",English,<img src='http://image.tmdb.org/t/p/w185//8leYqrAL6EubYjOCZuO6ELPdLYe.jpg' style='height:100px;'>
9208,Broken Arrow,Prepare to Go Ballistic.,1996-02-09,Action|Adventure|Drama|Thriller,,en,50.0,150.270147,Twentieth Century Fox Film Corporation|WCG Entertainment Productions|Mark Gordon Productions,United States of America,459.0,5.7,14.957626000000001,108.0,"When rogue stealth-fighter pilot Vic Deakins deliberately drops off the radar while on maneuvers, the Air Force ends up with two stolen nuclear warheads -- and Deakins's co-pilot, Riley Hale, is the military's only hope for getting them back. Traversing the deserted canyons of Utah, Hale teams with park ranger Terry Carmichael to put Deakins back in his box.",English,<img src='http://image.tmdb.org/t/p/w185//avqUG5RYB93rwSUNL5r16Vtbc9g.jpg' style='height:100px;'>
40154,A Midwinter's Tale,The drama. The passion. The intrigue... And the rehearsals haven't even started.,1995-12-01,Comedy,,en,,,Castle Rock Entertainment|Midwinter Films,United Kingdom,6.0,7.5,0.5133909999999999,99.0,"Out of work actor Joe volunteers to help try and save his sister's local church for the community by putting on a Christmas production of Hamlet, somewhat against the advice of his agent Margaretta. As the cast he assembles are still available even at Christmas and are prepared to do it on a 'profit sharing' basis (that is, they may not get paid anything) he cannot expect - and does not get - the cream of the cream. But although they all bring their own problems and foibles along, something bigger starts to emerge in the perhaps aptly named village of Hope.",English,<img src='http://image.tmdb.org/t/p/w185//6u2N0gn6uUWF4cSdkXmVB8E8q2X.jpg' style='height:100px;'>
406,La Haine,Three Young Friends... One Last Chance.,1995-05-31,Drama,,fr,3.0,,Egg Pictures|PolyGram Filmed Entertainment|Canal+|Les Productions Lazennec|La Sept Cinéma|Kasso Inc. Productions|Studio Image|Cofinergie 6,France,695.0,7.9,12.108196000000001,98.0,"Aimlessly whiling away their days in the concrete environs of their dead-end suburbia, Vinz, Hubert, and Said -- a Jew, African, and an Arab -- give human faces to France's immigrant populations, their bristling resentment at their social marginalization slowly simmering until it reaches a climactic boiling point. La Haine means Hate.",Français,<img src='http://image.tmdb.org/t/p/w185//jTzBED0leGPwWDqNewye11qzJgd.jpg' style='height:100px;'>
45549,Shopping,No one leaves without paying...,1994-12-06,Action|Adventure|Drama|Science Fiction|Thriller,,en,,,Channel Four Films,United Kingdom,13.0,5.6,2.6576470000000003,105.0,"A dark, hip, urban story of a barren and anonymous city where the underclass' sport of choice is ram-raiding. An exciting game in which stolen cars are driven through shop windows to aid large-scale looting before the police arrive. For Tommy, it's a business, but for Billy and Jo, it's a labour of love. As the competition between Tommy and Billy grows more fierce, the stakes become higher and the ""shopping"" trips increasingly risky.",English,<img src='http://image.tmdb.org/t/p/w185//jdYL6f0KXnYBcnWnwGtnanJtKlE.jpg' style='height:100px;'>
63076,Heidi Fleiss: Hollywood Madam,   ,1995-12-27,Documentary,,en,,,British Broadcasting Corporation (BBC)|Westdeutscher Rundfunk (WDR)|Canadian Broadcasting Corporation (CBC)|Cinemax Reel Life|InPictures|Lafayette Films,United Kingdom|Canada|United States of America|Germany,4.0,6.8,0.638211,106.0,"A documentary crew from the BBC arrives in L.A. intent on interviewing Heidi Fleiss, a year after her arrest for running a brothel but before her trial. Several months elapse before the interview, so the crew searches for anyone who'll talk about the young woman. Two people have a lot to say to the camera: a retired madam named Alex for whom Fleiss once worked and Fleiss's one-time boyfriend, Ivan Nagy, who introduced her to Alex. Alex and Nagy don't like each other, so the crew shuttles between them with ""she said"" and ""he said."" When they finally interview Fleiss, they spend their time reciting what Alex and Nagy have had to say and asking her reaction.",English,<img src='http://image.tmdb.org/t/p/w185//j9k3UTx7OZ0xoCws1oACYQZFF5N.jpg' style='height:100px;'>
11062,City Hall,It started with a shootout on a rainswept street and ended in a scandal that shattered New York.,1996-02-16,Drama|Thriller,,en,,,Columbia Pictures|Castle Rock Entertainment,United States of America,67.0,6.0,4.8072230000000005,111.0,"The accidental shooting of a boy in New York leads to an investigation by the Deputy Mayor, and unexpectedly far-reaching consequences.",English,<img src='http://image.tmdb.org/t/p/w185//ttdjD9NpxXsTJidPT3o1Gk0oTkG.jpg' style='height:100px;'>
